{"cameraMode":{"drawMode":0,"name":"Shaded","section":"Shading Mode"},"sceneLighting":true,"audioPlay":false,"sceneViewState":{"m_AlwaysRefresh":false,"showFog":true,"showSkybox":true,"showFlares":true,"showImageEffects":true,"showParticleSystems":true,"showVisualEffectGraphs":true,"m_FxEnabled":true},"in2DMode":false,"pivot":{"x":30.54153060913086,"y":2.7816805839538576,"z":3.4148788452148439},"rotation":{"x":-0.04824715852737427,"y":0.9180425405502319,"z":-0.11797777563333512,"w":-0.37543463706970217},"size":6.766741752624512,"orthographic":false}