{"cameraMode":{"drawMode":0,"name":"Shaded","section":"Shading Mode"},"sceneLighting":false,"audioPlay":false,"sceneViewState":{"m_AlwaysRefresh":true,"showFog":false,"showSkybox":false,"showFlares":false,"showImageEffects":false,"showParticleSystems":false,"showVisualEffectGraphs":true,"m_FxEnabled":true},"in2DMode":false,"pivot":{"x":19.259023666381837,"y":-10.303873062133789,"z":-13.860462188720704},"rotation":{"x":-0.019570786505937578,"y":0.9660995006561279,"z":-0.24565695226192475,"w":-0.07696732133626938},"size":33.797054290771487,"orthographic":false}