{"cameraMode":{"drawMode":0,"name":"Shaded","section":"Shading Mode"},"sceneLighting":false,"audioPlay":false,"sceneViewState":{"m_AlwaysRefresh":true,"showFog":false,"showSkybox":false,"showFlares":false,"showImageEffects":false,"showParticleSystems":false,"showVisualEffectGraphs":true,"m_FxEnabled":true},"in2DMode":false,"pivot":{"x":0.7300000190734863,"y":0.04363299906253815,"z":-0.32351595163345339},"rotation":{"x":0.11964714527130127,"y":-0.03275645896792412,"z":0.003949915990233421,"w":0.9922689199447632},"size":0.04243364557623863,"orthographic":false}